NO.,Repeating units_RU1,Repeating units_RU2,SMILES_RU1,SMILES_RU2,SMILES_RRU,DFT band gap/eV
1,CH2-CO-NH-CS,CO-NH-CS-CH2,*-CC(=O)NC(-*)=S,*-CC(=S)NC(-*)=O,O=C1CC(=S)N1,2.691
2,CH2-CS-C6H4-O,CS-C6H4-O-CH2,*-CC(=S)C1=CC=C(O-*)C=C1,*-COC1=CC=C(C=C1)C(-*)=S,S=C1COC2=CC=C1C=C2,2.041
3,C6H4-C6H4-C4H2S-CS,C6H4-C4H2S-CS-C6H4,*-C(=S)C1=CC=C(S1)C1=CC=C(C=C1)C1=CC=C(-*)C=C1,*-C1=CC=C(C=C1)C(=S)C1=CC=C(S1)C1=CC=C(-*)C=C1,S=C1C2=CC=C(S2)C2=CC=C(C=C2)C2=CC=C1C=C2,1.807
4,CO-O-C4H2S-CS,O-C4H2S-CS-CO,*-C(=O)OC1=CC=C(S1)C(-*)=S,*-OC1=CC=C(S1)C(=S)C(-*)=O,O=C1OC2=CC=C(S2)C1=S,1.918
5,C6H4-CS-C4H2S-O,CS-C4H2S-O-C6H4,*-OC1=CC=C(S1)C(=S)C1=CC=C(-*)C=C1,*-C(=S)C1=CC=C(OC2=CC=C(-*)C=C2)S1,S=C1C2=CC=C(OC3=CC=C1C=C3)S2,1.93
6,CO-C6H4-O-CS,C6H4-O-CS-CO,*-C(=S)OC1=CC=C(C=C1)C(-*)=O,*-C(=O)C(=S)OC1=CC=C(-*)C=C1,O=C1C2=CC=C(OC1=S)C=C2,2.772
7,C6H4-O-CS-C4H2S,O-CS-C4H2S-C6H4,*-C1=CC=C(S1)C(=S)OC1=CC=C(-*)C=C1,*-OC(=S)C1=CC=C(S1)C1=CC=C(-*)C=C1,S=C1OC2=CC=C(C=C2)C2=CC=C1S2,2.537
8,C6H4-C4H2S-C6H4-C4H2S,C4H2S-C6H4-C4H2S-C6H4,*-C1=CC=C(S1)C1=CC=C(C=C1)C1=CC=C(S1)C1=CC=C(-*)C=C1,*-C1=CC=C(S1)C1=CC=C(C=C1)C1=CC=C(S1)C1=CC=C(-*)C=C1,S1C2=CC=C1C1=CC=C(C=C1)C1=CC=C(S1)C1=CC=C2C=C1,2.645
9,NH-C4H2S-CO-C4H2S,C4H2S-CO-C4H2S-NH,*-NC1=CC=C(S1)C(=O)C1=CC=C(-*)S1,*-NC1=CC=C(S1)C(=O)C1=CC=C(-*)S1,O=C1C2=CC=C(NC3=CC=C1S3)S2,2.678
10,CH2-NH-C4H2S-CS,NH-C4H2S-CS-CH2,*-CNC1=CC=C(S1)C(-*)=S,*-CC(=S)C1=CC=C(N-*)S1,S=C1CNC2=CC=C1S2,2.063
11,NH-C6H4-CO-C6H4,C6H4-CO-C6H4-NH,*-NC1=CC=C(C=C1)C(=O)C1=CC=C(-*)C=C1,*-NC1=CC=C(C=C1)C(=O)C1=CC=C(-*)C=C1,O=C1C2=CC=C(NC3=CC=C1C=C3)C=C2,3.042
12,NH-CO-CS-C4H2S,CO-CS-C4H2S-NH,*-NC(=O)C(=S)C1=CC=C(-*)S1,*-NC1=CC=C(S1)C(=S)C(-*)=O,O=C1NC2=CC=C(S2)C1=S,1.701
13,CO-C6H4-O-C4H2S,C6H4-O-C4H2S-CO,*-C(=O)C1=CC=C(OC2=CC=C(-*)S2)C=C1,*-C(=O)C1=CC=C(OC2=CC=C(-*)C=C2)S1,O=C1C2=CC=C(OC3=CC=C1C=C3)S2,3.41
14,C6H4-CS-C4H2S-CS,CS-C4H2S-CS-C6H4,*-C(=S)C1=CC=C(S1)C(=S)C1=CC=C(-*)C=C1,*-C(=S)C1=CC=C(S1)C(=S)C1=CC=C(-*)C=C1,S=C1C2=CC=C(S2)C(=S)C2=CC=C1C=C2,1.332
15,CH2-C4H2S-NH-C4H2S,C4H2S-NH-C4H2S-CH2,*-CC1=CC=C(NC2=CC=C(-*)S2)S1,*-CC1=CC=C(NC2=CC=C(-*)S2)S1,C1C2=CC=C(NC3=CC=C1S3)S2,3.092
16,CH2-C4H2S-C6H4-C4H2S,C4H2S-C6H4-C4H2S-CH2,*-CC1=CC=C(S1)C1=CC=C(C=C1)C1=CC=C(-*)S1,*-CC1=CC=C(S1)C1=CC=C(C=C1)C1=CC=C(-*)S1,C1C2=CC=C(S2)C2=CC=C(C=C2)C2=CC=C1S2,2.872
17,CH2-NH-C6H4-CO,NH-C6H4-CO-CH2,*-CNC1=CC=C(C=C1)C(-*)=O,*-CC(=O)C1=CC=C(N-*)C=C1,O=C1CNC2=CC=C1C=C2,3.226
18,CO-C6H4-C4H2S-CS,C6H4-C4H2S-CS-CO,*-C(=S)C1=CNC=C1C1=CC=C(C=C1)C(-*)=O,*-C(=O)C(=S)C1=CC=C(S1)C1=CC=C(-*)C=C1,O=C1C2=CC=C(C=C2)C2=CC=C(S2)C1=S,1.699
19,C6H4-C6H4-CS-O,C6H4-CS-O-C6H4,*-OC(=S)C1=CC=CC(=C1)C1=CC=C(-*)C=C1,*-C1=CC=C(OC(=S)C2=CC=C(-*)C=C2)C=C1,S=C1OC2=CC=C(C=C2)C2=CC=C1C=C2,2.623
20,CH2-NH-C4H2S-C6H4,NH-C4H2S-C6H4-CH2,*-CNC1=CC=C(S1)C1=CC=C(-*)C=C1,*-CC1=CC=C(C=C1)C1=CC=C(N-*)S1,C1NC2=CC=C(S2)C2=CC=C1C=C2,2.951
21,NH-C4H2S-C4H2S-CH2,C4H2S-C4H2S-CH2-NH,*-CC1=CC=C(S1)C1=CC=C(N-*)S1,*-NCC1=CC=C(S1)C1=CC=C(-*)S1,C1NC2=CC=C(S2)C2=CC=C1S2,2.919
22,CH2-C4H2S-C6H4-CS,C4H2S-C6H4-CS-CH2,*-CC1=CC=C(S1)C1=CC=C(C=C1)C(-*)=S,*-CC(=S)C1=CC=C(C=C1)C1=CC=C(-*)S1,S=C1CC2=CC=C(S2)C2=CC=C1C=C2,1.841
23,CH2-NH-CS-C6H4,NH-CS-C6H4-CH2,*-CNC(=S)C1=CC=C(-*)C=C1,*-CC1=CC=C(C=C1)C(=S)N-*,S=C1NCC2=CC=C1C=C2,2.737
24,CH2-C6H4-C4H2S-C6H4,C6H4-C4H2S-C6H4-CH2,*-CC1=CC=C(C=C1)C1=CC=C(S1)C1=CC=C(-*)C=C1,*-CC1=CC=C(C=C1)C1=CC=C(S1)C1=CC=C(-*)C=C1,C1C2=CC=C(C=C2)C2=CC=C(S2)C2=CC=C1C=C2,2.96
25,NH-CO-C4H2S-C6H4,CO-C4H2S-C6H4-NH,*-NC(=O)C1=CC=C(S1)C1=CC=C(-*)C=C1,*-NC1=CC=C(C=C1)C1=CC=C(S1)C(-*)=O,O=C1NC2=CC=C(C=C2)C2=CC=C1S2,3.244
26,NH-CO-CS-CO,CO-CS-CO-NH,*-NC(=O)C(=S)C(-*)=O,*-NC(=O)C(=S)C(-*)=O,O=C1NC(=O)C1=S,1.441
27,CO-C6H4-C6H4-C6H4,C6H4-C6H4-C6H4-CO,*-C(=O)C1=CC=C(C=C1)C1=CC=C(C=C1)C1=CC=C(-*)C=C1,*-C(=O)C1=CC=C(C=C1)C1=CC=C(C=C1)C1=CC=C(-*)C=C1,O=C1C2=CC=C(C=C2)C2=CC=C(C=C2)C2=CC=C1C=C2,2.993
28,CH2-CH2-C4H2S-O,CH2-C4H2S-O-CH2,*-CCC1=CC=C(O-*)S1,*-COC1=CC=C(C-*)S1,C1CC2=CC=C(O1)S2,4.186
29,NH-CS-CO-CS,CS-CO-CS-NH,*-NC(=S)C(=O)C(-*)=S,*-NC(=S)C(=O)C(-*)=S,O=C1C(=S)NC1=S,1.512
30,CH2-C6H4-CS-O,C6H4-CS-O-CH2,*-CC1=CC=C(C=C1)C(=S)O-*,*-COC(=S)C1=CC=C(-*)C=C1,S=C1OCC2=CC=C1C=C2,2.729
31,CH2-CO-C4H2S-CS,CO-C4H2S-CS-CH2,*-CC(=O)C1=CC=C(S1)C(-*)=S,*-CC(=S)C1=CC=C(S1)C(-*)=O,O=C1CC(=S)C2=CC=C1S2,1.647
32,C4H2S-C4H2S-C4H2S-O,C4H2S-C4H2S-O-C4H2S,*-OC1=CC=C(S1)C1=CC=C(S1)C1=CC=C(-*)S1,*-C1=CC=C(OC2=CC=C(S2)C2=CC=C(-*)S2)S1,O1C2=CC=C(S2)C2=CC=C(S2)C2=CC=C1S2,2.267
33,CO-C4H2S-C6H4-CS,C4H2S-C6H4-CS-CO,*-C(=O)C1=CC=C(S1)C1=CC=C(C=C1)C(-*)=S,*-C(=O)C(=S)C1=CC=C(C=C1)C1=CC=C(-*)S1,O=C1C2=CC=C(S2)C2=CC=C(C=C2)C1=S,1.708
34,CH2-C6H4-NH-O,C6H4-NH-O-CH2,*-CC1=CC=C(NO-*)C=C1,*-CONC1=CC=C(-*)C=C1,C1ONC2=CC=C1C=C2,4.141
35,NH -CS -NH -CS,CS -NH -CS-NH ,*-NC(=S)NC(-*)=S,*-NC(=S)NC(-*)=S,S=C1NC(=S)N1,2.491
36,CH2 -NH -CS -NH,NH -CS -NH-CH2 ,*-CNC(=S)N-*,*-CNC(=S)N-*,S=C1NCN1,4.019
37,NH -C4H2S -C4H2S -CO,C4H2S -C4H2S -CO-NH ,*-NC1=CC=C(S1)C1=CC=C(S1)C(-*)=O,*-NC(=O)C1=CC=C(S1)C1=CC=C(-*)S1,O=C1NC2=CC=C(S2)C2=CC=C1S2,2.521
38,CH2 -C4H2S -CS - O,C4H2S -CS - O-CH2 ,*-CC1=CC=C(S1)C(=S)O-*,*-COC(=S)C1=CC=C(-*)S1,S=C1OCC2=CC=C1S2,2.659
39,NH -CO -C4H2S - O,CO -C4H2S - O-NH ,*-NC(=O)C1=CC=C(O-*)S1,*-NOC1=CC=C(S1)C(-*)=O,O=C1NOC2=CC=C1S2,3.567
40,CH2 -C4H2S -C6H4 - O,C4H2S -C6H4 - O-CH2 ,*-CC1=CC=C(S1)C1=CC=C(O-*)C=C1,*-COC1=CC=C(C=C1)C1=CC=C(-*)S1,C1OC2=CC=C(C=C2)C2=CC=C1S2,3.375
41,C6H4 -C6H4 -C6H4 -C4H2S,C6H4 -C6H4 -C4H2S-C6H4 ,*-C1=CC=C(S1)C1=CC=C(C=C1)C1=CC=C(C=C1)C1=CC=C(-*)C=C1,*-C1=CC=C(C=C1)C1=CC=C(S1)C1=CC=C(C=C1)C1=CC=C(-*)C=C1,S1C2=CC=C1C1=CC=C(C=C1)C1=CC=C(C=C1)C1=CC=C2C=C1,3.046
42,NH -C6H4 -CO - O,C6H4 -CO - O-NH ,*-NC1=CC=C(C=C1)C(=O)O-*,*-NOC(=O)C1=CC=C(-*)C=C1,O=C1ONC2=CC=C1C=C2,3.667
43,NH -C4H2S -CO - O,C4H2S -CO - O-NH ,*-NC1=CC=C(S1)C(=O)O-*,*-NOC(=O)C1=CC=C(-*)S1,O=C1ONC2=CC=C1S2,3.84
44,NH -CS -NH -C6H4,CS -NH -C6H4-NH ,*-NC(=S)NC1=CC=C(-*)C=C1,*-NC1=CC=C(NC(-*)=S)C=C1,S=C1NC2=CC=C(N1)C=C2,3.426
45,CO -CS - O -CS,CS - O -CS-CO ,*-C(=S)OC(=S)C(-*)=O,*-C(=S)OC(=S)C(-*)=O,O=C1C(=S)OC1=S,1.532
46,CH2 -NH -CH2 -CS,NH -CH2 -CS-CH2 ,*-CNCC(-*)=S,*-CC(=S)CN-*,S=C1CNC1,2.141
47,CH2 -CH2 -NH -C6H4,CH2 -NH -C6H4-CH2 ,*-CCNC1=CC=C(-*)C=C1,*-CNC1=CC=C(C-*)C=C1,C1CC2=CC=C(N1)C=C2,4.005
48,C4H2S -C4H2S -C4H2S -CS,C4H2S -C4H2S -CS-C4H2S ,*-C(=S)C1=CC=C(S1)C1=CC=C(S1)C1=CC=C(-*)S1,*-C1=CC=C(S1)C(=S)C1=CC=C(S1)C1=CC=C(-*)S1,S=C1C2=CC=C(S2)C2=CC=C(S2)C2=CC=C1S2,1.686
49,CH2 -C6H4 -C6H4 - O,C6H4 -C6H4 - O-CH2 ,*-CC1=CC=C(C=C1)C1=CC=C(O-*)C=C1,*-OCC1=CC=C(C=C1)C1=CC=C(-*)C=C1,C1OC2=CC=C(C=C2)C2=CC=C1C=C2,3.823
50,CH2 -CO -C6H4 -CS,CO -C6H4 -CS-CH2 ,*-CC(=O)C1=CC=C(C=C1)C(-*)=S,*-CC(=S)C1=CC=C(C=C1)C(-*)=O,O=C1CC(=S)C2=CC=C1C=C2,1.741
51,CO -C6H4 -C6H4 -CS,C6H4 -C6H4 -CS-CO ,*-C(=O)C1=CC=C(C=C1)C1=CC=C(C=C1)C(-*)=S,*-C(=O)C(=S)C1=CC=C(C=C1)C1=CC=C(-*)C=C1,O=C1C2=CC=C(C=C2)C2=CC=C(C=C2)C1=S,1.8
52,CH2 -CH2 -CH2 -CS,CH2 -CH2 -CS-CH2 ,*-CCCC(-*)=S,*-CCC(=S)C-*,S=C1CCC1,2.315
53,CH2 -C6H4 -CH2 - O,C6H4 -CH2 - O-CH2 ,*-CC1=CC=C(CO-*)C=C1,*-COCC1=CC=C(-*)C=C1,C1OCC2=CC=C1C=C2,4.867
54,CH2 - O -CO - O, O -CO - O-CH2 ,*-COCC(=O)O-*,*-COC(=O)O-*,O=C1OCO1,6.933
55,NH -C6H4 -CS -C6H4,C6H4 -CS -C6H4-NH ,*-NC1=CC=C(C=C1)C(=S)C1=CC=C(-*)C=C1,*-NC1=CC=C(C=C1)C(=S)C1=CC=C(-*)C=C1,S=C1C2=CC=C(NC3=CC=C1C=C3)C=C2,1.924
56,CH2 -CO -C6H4 - O,CO -C6H4 - O-CH2 ,*-CC(=O)C1=CC=C(O-*)C=C1,*-COC1=CC=C(C=C1)C(-*)=O,O=C1COC2=CC=C1C=C2,3.499
57,CH2 -NH -C4H2S -NH,NH -C4H2S -NH-CH2 ,*-CNC1=CC=C(N-*)S1,*-CNC1=CC=C(N-*)S1,C1NC2=CC=C(N1)S2,3.701
58,CH2 -C6H4 -CO - O,C6H4 -CO - O-CH2 ,*-CC1=CC=C(C=C1)C(=O)O-*,*-COC(=O)C1=CC=C(-*)C=C1,O=C1OCC2=CC=C1C=C2,4.293
59,NH -C4H2S -NH -CS,C4H2S -NH -CS-NH ,*-NC1=CC=C(NC(-*)=S)S1,*-NC(=S)NC1=CC=C(-*)S1,S=C1NC2=CC=C(N1)S2,3.123
60,CO -C6H4 -C4H2S - O,C6H4 -C4H2S - O-CO ,*-OC1=CC=C(S1)C1=CC=C(C=C1)C(-*)=O,*-C(=O)OC1=CC=C(S1)C1=CC=C(-*)C=C1,O=C1OC2=CC=C(S2)C2=CC=C1C=C2,2.59
61,NH -C4H2S - O -C4H2S,C4H2S - O -C4H2S-NH ,*-NC1=CC=C(OC2=CC=C(-*)S2)S1,*-NC1=CC=C(OC2=CC=C(-*)S2)S1,N1C2=CC=C(OC3=CC=C1S3)S2,3.878
62,CH2 -NH -CH2 -CO,NH -CH2 -CO-CH2 ,*-CNCC(-*)=O,*-CC(=O)CN-*,O=C1CNC1,3.842
63,NH -CO -NH -C6H4,CO -NH -C6H4-NH ,*-NC(=O)NC1=CC=C(-*)C=C1,*-NC1=CC=C(NC(-*)=O)C=C1,O=C1NC2=CC=C(N1)C=C2,4.455
64,CH2 -C6H4 -NH -CS,C6H4 -NH -CS-CH2 ,*-CC1=CC=C(NC(-*)=S)C=C1,*-CC(=S)NC1=CC=C(-*)C=C1,S=C1CC2=CC=C(N1)C=C2,2.96
65,CH2 -CH2 -CH2 - O,CH2 -CH2 - O-CH2 ,*-CCCO-*,*-CCOC-*,C1COC1,6.863
66,CH2 -CS -CH2 - O,CS -CH2 - O-CH2 ,*-CC(=S)CO-*,*-COCC(-*)=S,S=C1COC1,2.411
67,NH -C6H4 -C6H4 - O,C6H4 -C6H4 - O-NH ,*-NC1=CC=C(C=C1)C1=CC=C(O-*)C=C1,*-NOC1=CC=C(C=C1)C1=CC=C(-*)C=C1,N1OC2=CC=C(C=C2)C2=CC=C1C=C2,3.619
68,CH2 -C4H2S -NH -CS,C4H2S -NH -CS-CH2 ,*-CC1=CC=C(NC(-*)=S)S1,*-CC(=S)NC1=CC=C(-*)S1,S=C1CC2=CC=C(N1)S2,3.025
69,CH2 -C6H4 - O -C4H2S,C6H4 - O -C4H2S-CH2 ,*-CC1=CC=C(OC2=CC=C(-*)S2)C=C1,*-CC1=CC=C(OC2=CC=C(-*)C=C2)S1,C1C2=CC=C(OC3=CC=C1C=C3)S2,4.281
70,CH2 -CH2 -CO -C6H4,CH2 -CO -C6H4-CH2 ,*-CCC(=O)C1=CC=C(-*)C=C1,*-CC(=O)C1=CC=C(C-*)C=C1,O=C1CCC2=CC=C1C=C2,3.407
71,CO -C4H2S -C4H2S -CS,C4H2S -C4H2S -CS-CO ,*-C(=O)C1=CC=C(S1)C1=CC=C(S1)C(-*)=S,*-C(=O)C(=S)C1=CC=C(S1)C1=CC=C(-*)S1,O=C1C2=CC=C(S2)C2=CC=C(S2)C1=S,1.599
72,CH2 -C6H4 - O -C6H4,C6H4 - O -C6H4-CH2 ,*-CC1=CC=C(OC2=CC=C(-*)C=C2)C=C1,*-CC1=CC=C(OC2=CC=C(-*)C=C2)C=C1,C1C2=CC=C(OC3=CC=C1C=C3)C=C2,4.132
73,CO -C4H2S -C6H4 - O,C4H2S -C6H4 - O-CO ,*-OC1=CC=C(C=C1)C1=CC=C(S1)C(-*)=O,*-C(=O)OC1=CC=C(C=C1)C1=CC=C(-*)S1,O=C1OC2=CC=C(C=C2)C2=CC=C1S2,2.74
74,CO -C4H2S -CO - O,C4H2S -CO - O-CO ,*-OC(=O)C1=CC=C(S1)C(-*)=O,*-C(=O)OC(=O)C1=CC=C(-*)S1,O=C1OC(=O)C2=CC=C1S2,2.93
75,CH2 -CS -C4H2S - O,CS -C4H2S - O-CH2 ,*-CC(=S)C1=CC=C(O-*)S1,*-COC1=CC=C(S1)C(-*)=S,S=C1COC2=CC=C1S2,2.028
76,CH2 - O -C4H2S -C6H4, O -C4H2S -C6H4-CH2 ,*-COC1=CC=C(S1)C1=CC=C(-*)C=C1,*-CC1=CC=C(C=C1)C1=CC=C(O-*)S1,C1OC2=CC=C(S2)C2=CC=C1C=C2,3.24
77,CH2 -C4H2S -CO -C4H2S,C4H2S -CO -C4H2S-CH2 ,*-CC1=CC=C(S1)C(=O)C1=CC=C(-*)S1,*-CC1=CC=C(S1)C(=O)C1=CC=C(-*)S1,O=C1C2=CC=C(CC3=CC=C1S3)S2,3.095
78,CO -C6H4 -CO - O,C6H4 -CO - O-CO ,*-OC(=O)C1=CC=C(C=C1)C(-*)=O,*-C(=O)OC(=O)C1=CC=C(-*)C=C1,O=C1OC(=O)C2=CC=C1C=C2,2.979
79,CH2 -CH2 -CO -C4H2S,CH2 -CO -C4H2S-CH2 ,*-CCC(=O)C1=CC=C(-*)S1,*-CC(=O)C1=CC=C(C-*)S1,O=C1CCC2=CC=C1S2,3.376
80,CH2 -CO -CS -C6H4,CO -CS -C6H4-CH2 ,*-CC(=O)C(=S)C1=CC=C(-*)C=C1,*-CC1=CC=C(C=C1)C(=S)C(-*)=O,O=C1CC2=CC=C(C=C2)C1=S,1.754
81,CH2 -CS -CO - O,CS -CO - O-CH2 ,*-CC(=S)C(=O)O-*,*-COC(=O)C(-*)=S,O=C1OCC1=S,1.599
82,NH -C4H2S -NH -C4H2S,C4H2S -NH -C4H2S-NH ,*-NC1=CC=C(NC2=CC=C(-*)S2)S1,*-NC1=CC=C(NC2=CC=C(-*)S2)S1,N1C2=CC=C(NC3=CC=C1S3)S2,3.515
83,C6H4 -CS -C6H4 -CS,CS -C6H4 -CS-C6H4 ,*-C(=S)C1=CC=C(C=C1)C(=S)C1=CC=C(-*)C=C1,*-C(=S)C1=CC=C(C=C1)C(=S)C1=CC=C(-*)C=C1,S=C1C2=CC=C(C=C2)C(=S)C2=CC=C1C=C2,1.511
84,CH2 -C6H4 -CH2 -C6H4,C6H4 -CH2 -C6H4-CH2 ,*-CC1=CC=C(CC2=CC=C(-*)C=C2)C=C1,*-CC1=CC=C(CC2=CC=C(-*)C=C2)C=C1,C1C2=CC=C(CC3=CC=C1C=C3)C=C2,4.691
85,CH2 -C4H2S - O -CS,C4H2S - O -CS-CH2 ,*-CC1=CC=C(OC(-*)=S)S1,*-CC(=S)OC1=CC=C(-*)S1,S=C1CC2=CC=C(O1)S2,3.061
86,CO -C6H4 -C6H4 -C4H2S,C6H4 -C6H4 -C4H2S-CO ,*-C(=O)C1=CC=C(C=C1)C1=CC=C(C=C1)C1=CC=C(-*)S1,*-C(=O)C1=CC=C(S1)C1=CC=C(C=C1)C1=CC=C(-*)C=C1,O=C1C2=CC=C(S2)C2=CC=C(C=C2)C2=CC=C1C=C2,2.705
87,CH2 -CH2 -NH -C4H2S,CH2 -NH -C4H2S-CH2 ,*-CCNC1=CC=C(-*)S1,*-CNC1=CC=C(C-*)S1,C1CC2=CC=C(N1)S2,3.931
88,CH2 -CH2 -CO - O,CH2 -CO - O-CH2 ,*-CCC(=O)O-*,*-COC(=O)C-*,O=C1CCO1,5.794
89,CH2 -CO -CS -C4H2S,CO -CS -C4H2S-CH2 ,*-CC(=O)C(=S)C1=CC=C(-*)S1,*-CC1=CC=C(S1)C(=S)C(-*)=O,O=C1CC2=CC=C(S2)C1=S,1.651
90,CH2 -C6H4 -CH2 -CS,C6H4 -CH2 -CS-CH2 ,*-CC1=CC=C(CC(-*)=S)C=C1,*-CC(=S)CC1=CC=C(-*)C=C1,S=C1CC2=CC=C(C1)C=C2,2.354
91,CH2 -C6H4 -NH -C6H4,C6H4 -NH -C6H4-CH2 ,*-CC1=CC=C(NC2=CC=C(-*)C=C2)C=C1,*-CC1=CC=C(NC2=CC=C(-*)C=C2)C=C1,C1C2=CC=C(NC3=CC=C1C=C3)C=C2,3.57
92,C6H4 -C4H2S -C6H4 - O,C4H2S -C6H4 - O-C6H4 ,*-OC1=CC=C(C=C1)C1=CC=C(S1)C1=CC=C(-*)C=C1,*-C1=CC=C(S1)C1=CC=C(OC2=CC=C(-*)C=C2)C=C1,O1C2=CC=C(C=C2)C2=CC=C(S2)C2=CC=C1C=C2,2.904
93,C6H4 -C4H2S - O -CS,C4H2S - O -CS-C6H4 ,*-C(=S)OC1=CC=C(S1)C1=CC=C(-*)C=C1,*-C1=CC=C(OC(=S)C2=CC=C(-*)C=C2)S1,S=C1OC2=CC=C(S2)C2=CC=C1C=C2,2.824
94,CH2 -C4H2S -C4H2S -CS,C4H2S -C4H2S -CS-CH2 ,*-CC1=CC=C(S1)C1=CC=C(S1)C(-*)=S,*-CC(=S)C1=CC=C(S1)C1=CC=C(-*)S1,S=C1CC2=CC=C(S2)C2=CC=C1S2,1.762
95,CH2 -CO -CH2 - O,CO -CH2 - O-CH2 ,*-CC(=O)CO-*,*-COCC(-*)=O,O=C1COC1,4.348
96,C6H4 -C4H2S -C4H2S -C4H2S,C4H2S -C4H2S -C4H2S-C6H4 ,*-C1=CC=C(S1)C1=CC=C(S1)C1=CC=C(S1)C1=CC=C(-*)C=C1,*-C1=CC=C(S1)C1=CC=C(S1)C1=CC=C(S1)C1=CC=C(-*)C=C1,S1C2=CC=C1C1=CC=C(S1)C1=CC=C(C=C1)C1=CC=C2S1,2.321
97,CH2 -C4H2S -NH - O,C4H2S -NH - O-CH2 ,*-CC1=CC=C(NO-*)S1,*-CONC1=CC=C(-*)S1,C1ONC2=CC=C1S2,3.964
98,CH2 -CO -C6H4 -C4H2S,CO -C6H4 -C4H2S-CH2 ,*-CC(=O)C1=CC=C(C=C1)C1=CC=C(-*)S1,*-CC1=CC=C(S1)C1=CC=C(C=C1)C(-*)=O,O=C1CC2=CC=C(S2)C2=CC=C1C=C2,3.001
99,NH -CO - O -C4H2S,CO - O -C4H2S-NH ,*-NC(=O)OC1=CC=C(-*)S1,*-NC1=CC=C(OC(-*)=O)S1,O=C1NC2=CC=C(O1)S2,4.288
100,CH2 -C4H2S -CO - O,C4H2S -CO - O-CH2 ,*-CC1=CC=C(S1)C(=O)O-*,*-COC(=O)C1=CC=C(-*)S1,O=C1OCC2=CC=C1S2,3.772
101,CH2 -CS -C6H4 -NH,CS -C6H4 -NH-CH2 ,*-CC(=S)C1=CC=C(N-*)C=C1,*-CNC1=CC=C(C=C1)C(-*)=S,S=C1CNC2=CC=C1C=C2,2.063
102,CO - O -C6H4 -CS, O -C6H4 -CS-CO ,*-C(=O)OC1=CC=C(C=C1)C(-*)=S,*-OC1=CC=C(C=C1)C(=S)C(-*)=O,O=C1OC2=CC=C(C=C2)C1=S,1.932
103,NH -CO -C4H2S -CS,CO -C4H2S -CS-NH ,*-NC(=O)C1=CC=C(S1)C(-*)=S,*-NC(=S)C1=CC=C(S1)C(-*)=O,O=C1NC(=S)C2=CC=C1S2,1.773
104,NH -CO - O -CS,CO - O -CS-NH ,*-NC(=O)OC(-*)=S,*-NC(=S)OC(-*)=O,O=C1NC(=S)O1,2.917
105,CH2 -NH -CS -CO,NH -CS -CO-CH2 ,*-CNC(=S)C(-*)=O,*-CC(=O)C(=S)N-*,O=C1CNC1=S,2.093
106,CH2 -CO -C4H2S - O,CO -C4H2S - O-CH2 ,*-CC(=O)C1=CC=C(O-*)S1,*-COC1=CC=C(S1)C(-*)=O,O=C1COC2=CC=C1S2,3.32
107,CH2 -CH2 -C6H4 - O,CH2 -C6H4 - O-CH2 ,*-CCC1=CC=C(O-*)C=C1,*-COC1=CC=C(C-*)C=C1,C1CC2=CC=C(O1)C=C2,4.351
108,CH2 -C6H4 -CS -C6H4,C6H4 -CS -C6H4-CH2 ,*-CC1=CC=C(C=C1)C(=S)C1=CC=C(-*)C=C1,*-CC1=CC=C(C=C1)C(=S)C1=CC=C(-*)C=C1,S=C1C2=CC=C(CC3=CC=C1C=C3)C=C2,1.889
109,CO -C6H4 -CO -C6H4,C6H4 -CO -C6H4-CO ,*-C(=O)C1=CC=C(C=C1)C(=O)C1=CC=C(-*)C=C1,*-C(=O)C1=CC=C(C=C1)C(=O)C1=CC=C(-*)C=C1,O=C1C2=CC=C(C=C2)C(=O)C2=CC=C1C=C2,2.826
110,CH2 -C4H2S -CH2 - O,C4H2S -CH2 - O-CH2 ,*-CC1=CC=C(CO-*)S1,*-COCC1=CC=C(-*)S1,C1OCC2=CC=C1S2,4.313
111,CH2 -NH -C4H2S -CO,NH -C4H2S -CO-CH2 ,*-CNC1=CC=C(S1)C(-*)=O,*-CC(=O)C1=CC=C(N-*)S1,O=C1CNC2=CC=C1S2,2.987
112,CH2 -NH -C6H4 -NH,NH -C6H4 -NH-CH2 ,*-CNC1=CC=C(N-*)C=C1,*-CNC1=CC=C(N-*)C=C1,C1NC2=CC=C(N1)C=C2,3.392
113,NH -CS - O -CS,CS - O -CS-NH ,*-NC(=S)OC(-*)=S,*-NC(=S)OC(-*)=S,S=C1NC(=S)O1,2.557
114,CH2 -C6H4 - O -CS,C6H4 - O -CS-CH2 ,*-CC1=CC=C(OC(-*)=S)C=C1,*-CC(=S)OC1=CC=C(-*)C=C1,S=C1CC2=CC=C(O1)C=C2,3.054
115,NH -CS -C4H2S - O,CS -C4H2S - O-NH ,*-NC(=S)C1=CC=C(O-*)S1,*-NOC1=CC=C(S1)C(-*)=S,S=C1NOC2=CC=C1S2,2.562
116,CO -C6H4 -C6H4 - O,C6H4 -C6H4 - O-CO ,*-OC1=CC=C(C=C1)C1=CC=C(C=C1)C(-*)=O,*-C(=O)OC1=CC=C(C=C1)C1=CC=C(-*)C=C1,O=C1OC2=CC=C(C=C2)C2=CC=C1C=C2,2.965
117,CH2 -NH -CH2 -C4H2S,NH -CH2 -C4H2S-CH2 ,*-CNCC1=CC=C(-*)S1,*-CC1=CC=C(CN-*)S1,C1NCC2=CC=C1S2,4.226
118,C4H2S -CS - O -CS,CS - O -CS-C4H2S ,*-C(=S)OC(=S)C1=CC=C(-*)S1,*-C(=S)OC(=S)C1=CC=C(-*)S1,S=C1OC(=S)C2=CC=C1S2,1.912
119,CO -C4H2S -C6H4 -C4H2S,C4H2S -C6H4 -C4H2S-CO ,*-C(=O)C1=CC=C(S1)C1=CC=C(C=C1)C1=CC=C(-*)S1,*-C(=O)C1=CC=C(S1)C1=CC=C(C=C1)C1=CC=C(-*)S1,O=C1C2=CC=C(S2)C2=CC=C(C=C2)C2=CC=C1S2,2.505
120,CO -C4H2S -C4H2S -C4H2S,C4H2S -C4H2S -C4H2S-CO ,*-C(=O)C1=CC=C(S1)C1=CC=C(S1)C1=CC=C(-*)S1,*-C(=O)C1=CC=C(S1)C1=CC=C(S1)C1=CC=C(-*)S1,O=C1C2=CC=C(S2)C2=CC=C(S2)C2=CC=C1S2,2.08
121,CH2 -NH -CS -C4H2S,NH -CS -C4H2S-CH2 ,*-CNC(=S)C1=CC=C(-*)S1,*-CC1=CC=C(S1)C(=S)N-*,S=C1NCC2=CC=C1S2,2.571
122,NH - O -CS - O, O -CS - O-NH ,*-NOC(=S)O-*,*-NOC(=S)O-*,S=C1ONO1,4.333
123,CH2 -NH -CH2 -NH,NH -CH2 -NH-CH2 ,*-CNCN-*,*-CNCN-*,C1NCN1,5.942
124,C6H4 -CS -C4H2S -C4H2S,CS -C4H2S -C4H2S-C6H4 ,*-C1=CC=C(S1)C1=CC=C(S1)C(=S)C1=CC=C(-*)C=C1,*-C(=S)C1=CC=C(S1)C1=CC=C(S1)C1=CC=C(-*)C=C1,S=C1C2=CC=C(S2)C2=CC=C(S2)C2=CC=C1C=C2,1.728
125,NH -CO -C6H4 -CS,CO -C6H4 -CS-NH ,*-NC(=O)C1=CC=C(C=C1)C(-*)=S,*-NC(=S)C1=CC=C(C=C1)C(-*)=O,O=C1NC(=S)C2=CC=C1C=C2,1.836
126,NH -CO -NH -CO,CO -NH -CO-NH ,*-NC(=O)NC(-*)=O,*-NC(=O)NC(-*)=O,O=C1NC(=O)N1,4.829
127,C4H2S -C4H2S - O -CS,C4H2S - O -CS-C4H2S ,*-C(=S)OC1=CC=C(S1)C1=CC=C(-*)S1,*-C1=CC=C(OC(=S)C2=CC=C(-*)S2)S1,S=C1OC2=CC=C(S2)C2=CC=C1S2,2.588
128,NH -CS -NH - O,CS -NH - O-NH ,*-NC(=S)NO-*,*-NONC(-*)=S,S=C1NON1,3.988
129,CO - O -C4H2S - O, O -C4H2S - O-CO ,*-OC1=CC=C(OC(-*)=O)S1,*-OC1=CC=C(OC(-*)=O)S1,O=C1OC2=CC=C(O1)S2,4.016
130,CH2 - O -C4H2S - O, O -C4H2S - O-CH2 ,*-COC1=CC=C(O-*)S1,*-COC1=CC=C(O-*)S1,C1OC2=CC=C(O1)S2,4.15
131,NH - O -CO - O, O -CO - O-NH ,*-NOC(=O)O-*,*-NOC(=O)O-*,O=C1ONO1,6.731
132,CH2 -CO - O -CS,CO - O -CS-CH2 ,*-CC(=O)OC(-*)=S,*-CC(=S)OC(-*)=O,O=C1CC(=S)O1,2.705
133,CH2 - O -C6H4 - O, O -C6H4 - O-CH2 ,*-COC1=CC=C(O-*)C=C1,*-COC1=CC=C(O-*)C=C1,C1OC2=CC=C(O1)C=C2,3.859
134,NH -C6H4 -NH - O,C6H4 -NH - O-NH ,*-NC1=CC=C(NO-*)C=C1,*-NONC1=CC=C(-*)C=C1,N1ONC2=CC=C1C=C2,3.571
135,CH2 -CH2 -C6H4 -C4H2S,CH2 -C6H4 -C4H2S-CH2 ,*-CCC1=CC=C(C=C1)C1=CC=C(-*)S1,*-CC1=CC=C(S1)C1=CC=C(C-*)C=C1,C1CC2=CC=C(C=C2)C2=CC=C1S2,3.526
136,NH -C4H2S -CS - O,C4H2S -CS - O-NH ,*-NC1=CC=C(S1)C(=S)O-*,*-NOC(=S)C1=CC=C(-*)S1,S=C1ONC2=CC=C1S2,2.612
137,C6H4 -C6H4 -C4H2S -C4H2S,C6H4 -C4H2S -C4H2S-C6H4 ,*-C1=CC=C(S1)C1=CC=C(S1)C1=CC=C(C=C1)C1=CC=C(-*)C=C1,*-C1=CC=C(C=C1)C1=CC=C(S1)C1=CC=C(S1)C1=CC=C(-*)C=C1,S1C2=CC=C1C1=CC=C(C=C1)C1=CC=C(C=C1)C1=CC=C2S1,2.615
138,NH -C4H2S -C6H4 -C4H2S,C4H2S -C6H4 -C4H2S-NH ,*-NC1=CC=C(S1)C1=CC=C(C=C1)C1=CC=C(-*)S1,*-NC1=CC=C(S1)C1=CC=C(C=C1)C1=CC=C(-*)S1,N1C2=CC=C(S2)C2=CC=C(C=C2)C2=CC=C1S2,2.584
139,CO -C4H2S -C4H2S - O,C4H2S -C4H2S - O-CO ,*-OC1=CC=C(S1)C1=CC=C(S1)C(-*)=O,*-C(=O)OC1=CC=C(S1)C1=CC=C(-*)S1,O=C1OC2=CC=C(S2)C2=CC=C1S2,2.36
140,NH -C4H2S -CO -CS,C4H2S -CO -CS-NH ,*-NC1=CC=C(S1)C(=O)C(-*)=S,*-NC(=S)C(=O)C1=CC=C(-*)S1,O=C1C2=CC=C(NC1=S)S2,1.633
141,NH -C4H2S -C4H2S -C4H2S,C4H2S -C4H2S -C4H2S-NH ,*-NC1=CC=C(S1)C1=CC=C(S1)C1=CC=C(-*)S1,*-NC1=CC=C(S1)C1=CC=C(S1)C1=CC=C(-*)S1,N1C2=CC=C(S2)C2=CC=C(S2)C2=CC=C1S2,2.344
142,CH2 -CH2 -CH2 -C6H4,CH2 -CH2 -C6H4-CH2 ,*-CCCC1=CC=C(-*)C=C1,*-CCC1=CC=C(C-*)C=C1,C1CC2=CC=C(C1)C=C2,5.108
143,NH -C4H2S - O -CS,C4H2S - O -CS-NH ,*-NC1=CC=C(OC(-*)=S)S1,*-NC(=S)OC1=CC=C(-*)S1,S=C1NC2=CC=C(O1)S2,2.55
144,CH2 -NH -CS - O,NH -CS - O-CH2 ,*-CNC(=S)O-*,*-COC(=S)N-*,S=C1NCO1,4.24
145,CH2 -CO - O -C4H2S,CO - O -C4H2S-CH2 ,*-CC(=O)OC1=CC=C(-*)S1,*-CC1=CC=C(OC(-*)=O)S1,O=C1CC2=CC=C(O1)S2,4.022
146,CO -C6H4 -CS -C6H4,C6H4 -CS -C6H4-CO ,*-C(=O)C1=CC=C(C=C1)C(=S)C1=CC=C(-*)C=C1,*-C(=O)C1=CC=C(C=C1)C(=S)C1=CC=C(-*)C=C1,O=C1C2=CC=C(C=C2)C(=S)C2=CC=C1C=C2,1.753
147,NH -CS -C4H2S -CS,CS -C4H2S -CS-NH ,*-NC(=S)C1=CC=C(S1)C(-*)=S,*-NC(=S)C1=CC=C(S1)C(-*)=S,S=C1NC(=S)C2=CC=C1S2,1.614
148,NH -CO -C6H4 -C4H2S,CO -C6H4 -C4H2S-NH ,*-NC(=O)C1=CC=C(C=C1)C1=CC=C(-*)S1,*-NC1=CC=C(S1)C1=CC=C(C=C1)C(-*)=O,O=C1NC2=CC=C(S2)C2=CC=C1C=C2,3.238
149,NH -C4H2S -CS -C4H2S,C4H2S -CS -C4H2S-NH ,*-NC1=CC=C(S1)C(=S)C1=CC=C(-*)S1,*-NC1=CC=C(S1)C(=S)C1=CC=C(-*)S1,S=C1C2=CC=C(NC3=CC=C1S3)S2,1.882
150,C6H4 -C4H2S - O -C4H2S,C4H2S - O -C4H2S-C6H4 ,*-C1=CC=C(OC2=CC=C(S2)C2=CC=C(-*)C=C2)S1,*-C1=CC=C(OC2=CC=C(S2)C2=CC=C(-*)C=C2)S1,O1C2=CC=C(S2)C2=CC=C(C=C2)C2=CC=C1S2,3.31
151,C6H4 -C6H4 -C6H4 -CS,C6H4 -C6H4 -CS-C6H4 ,*-C(=S)C1=CC=C(C=C1)C1=CC=C(C=C1)C1=CC=C(-*)C=C1,*-C1=CC=C(C=C1)C(=S)C1=CC=C(C=C1)C1=CC=C(-*)C=C1,S=C1C2=CC=C(C=C2)C2=CC=C(C=C2)C2=CC=C1C=C2,1.879
152,CH2 -C4H2S -CH2 -C4H2S,C4H2S -CH2 -C4H2S-CH2 ,*-CC1=CC=C(CC2=CC=C(-*)S2)S1,*-CC1=CC=C(CC2=CC=C(-*)S2)S1,C1C2=CC=C(CC3=CC=C1S3)S2,4.109
153,CO -CS -CO - O,CS -CO - O-CO ,*-OC(=O)C(=S)C(-*)=O,*-C(=O)OC(=O)C(-*)=S,O=C1OC(=O)C1=S,1.477
154,CO -C6H4 -C4H2S -C6H4,C6H4 -C4H2S -C6H4-CO ,*-C(=O)C1=CC=C(C=C1)C1=CC=C(S1)C1=CC=C(-*)C=C1,*-C(=O)C1=CC=C(C=C1)C1=CC=C(S1)C1=CC=C(-*)C=C1,O=C1C2=CC=C(C=C2)C2=CC=C(S2)C2=CC=C1C=C2,2.546
155,CH2 -NH -CH2 -C6H4,NH -CH2 -C6H4-CH2 ,*-CNCC1=CC=C(-*)C=C1,*-CC1=CC=C(CN-*)C=C1,C1NCC2=CC=C1C=C2,4.318
156,CH2 -C6H4 -CO -C4H2S,C6H4 -CO -C4H2S-CH2 ,*-CC1=CC=C(C=C1)C(=O)C1=CC=C(-*)S1,*-CC1=CC=C(S1)C(=O)C1=CC=C(-*)C=C1,O=C1C2=CC=C(CC3=CC=C1C=C3)S2,3.144
157,CH2 - O -CH2 - O, O -CH2 - O-CH2 ,*-COCO-*,*-COCO-*,C1OCO1,6.436
158,CO -C6H4 -C4H2S -C4H2S,C6H4 -C4H2S -C4H2S-CO ,*-C(=O)C1=CC=C(C=C1)C1=CC=C(S1)C1=CC=C(-*)S1,*-C(=O)C1=CC=C(S1)C1=CC=C(S1)C1=CC=C(-*)C=C1,O=C1C2=CC=C(S2)C2=CC=C(S2)C2=CC=C1C=C2,2.361
159,CH2 -CO -CS - O,CO -CS - O-CH2 ,*-CC(=O)C(=S)O-*,*-COC(=S)C(-*)=O,O=C1COC1=S,2.161
160,NH -CO -CS - O,CO -CS - O-NH ,*-NC(=O)C(=S)O-*,*-NOC(=S)C(-*)=O,O=C1NOC1=S,2.557
161,CH2 -CO -CS -CO,CO -CS -CO-CH2 ,*-CC(=O)C(=S)C(-*)=O,*-CC(=O)C(=S)C(-*)=O,O=C1CC(=O)C1=S,1.278
162,CH2 -NH -C6H4 -C4H2S,NH -C6H4 -C4H2S-CH2 ,*-CNC1=CC=C(C=C1)C1=CC=C(-*)S1,*-CC1=CC=C(S1)C1=CC=C(N-*)C=C1,C1NC2=CC=C(C=C2)C2=CC=C1S2,3.176
163,NH -CS -C6H4 -CS,CS -C6H4 -CS-NH ,*-NC(=S)C1=CC=C(C=C1)C(-*)=S,*-NC(=S)C1=CC=C(C=C1)C(-*)=S,S=C1NC(=S)C2=CC=C1C=C2,1.639
164,NH -C6H4 -C6H4 -CH2,C6H4 -C6H4 -CH2-NH ,*-CC1=CC=C(C=C1)C1=CC=C(N-*)C=C1,*-NCC1=CC=C(C=C1)C1=CC=C(-*)C=C1,C1NC2=CC=C(C=C2)C2=CC=C1C=C2,3.569
165,NH -CO -NH -CS,CO -NH -CS-NH ,*-NC(=O)NC(-*)=S,*-NC(=S)NC(-*)=O,O=C1NC(=S)N1,2.941
166,NH -C4H2S -C4H2S -CS,C4H2S -C4H2S -CS-NH ,*-NC1=CC=C(S1)C1=CC=C(S1)C(-*)=S,*-NC(=S)C1=CC=C(S1)C1=CC=C(-*)S1,S=C1NC2=CC=C(S2)C2=CC=C1S2,1.764
167,NH -C6H4 -NH -C6H4,C6H4 -NH -C6H4-NH ,*-NC1=CC=C(NC2=CC=C(-*)C=C2)C=C1,*-NC1=CC=C(NC2=CC=C(-*)C=C2)C=C1,N1C2=CC=C(NC3=CC=C1C=C3)C=C2,3.313
168,NH -C6H4 -NH -C4H2S,C6H4 -NH -C4H2S-NH ,*-NC1=CC=C(NC2=CC=C(-*)S2)C=C1,*-NC1=CC=C(NC2=CC=C(-*)C=C2)S1,N1C2=CC=C(NC3=CC=C1C=C3)S2,3.149
169,CH2 -C6H4 -C6H4 -C4H2S,C6H4 -C6H4 -C4H2S-CH2 ,*-CC1=CC=C(C=C1)C1=CC(=CC=C1)C1=CC=C(-*)S1,*-CC1=CC=C(S1)C1=CC=C(C=C1)C1=CC=C(-*)C=C1,C1C2=CC=C(S2)C2=CC=C(C=C2)C2=CC=C1C=C2,3.19
170,CH2 -C4H2S -CS -C4H2S,C4H2S -CS -C4H2S-CH2 ,*-CC1=CC=C(S1)C(=S)C1=CC=C(-*)S1,*-CC1=CC=C(S1)C(=S)C1=CC=C(-*)S1,S=C1C2=CC=C(CC3=CC=C1S3)S2,1.802
171,CO -NH -CO -C6H4,NH -CO -C6H4-CO ,*-C(=O)NC(=O)C1=CC=C(-*)C=C1,*-NC(=O)C1=CC=C(C=C1)C(-*)=O,O=C1NC(=O)C2=CC=C1C=C2,3.71
172,CH2 -CS -CO -CS,CS -CO -CS-CH2 ,*-CC(=S)C(=O)C(-*)=S,*-CC(=S)C(=O)C(-*)=S,O=C1C(=S)CC1=S,1.492
173,CH2 -CH2 -NH -CS,CH2 -NH -CS-CH2 ,*-CCNC(-*)=S,*-CNC(=S)C-*,S=C1CCN1,3.375
174,CH2 -C4H2S -C4H2S - O,C4H2S -C4H2S - O-CH2 ,*-CC1=CC=C(S1)C1=CC=C(O-*)S1,*-COC1=CC=C(S1)C1=CC=C(-*)S1,C1OC2=CC=C(S2)C2=CC=C1S2,2.817
175,CH2 -CO -NH -C4H2S,CO -NH -C4H2S-CH2 ,*-CC(=O)NC1=CC=C(-*)S1,*-CC1=CC=C(NC(-*)=O)S1,O=C1CC2=CC=C(N1)S2,4.13
176,CH2 -CH2 -CO -CS,CH2 -CO -CS-CH2 ,*-CCC(=O)C(-*)=S,*-CC(=O)C(=S)C-*,O=C1CCC1=S,1.425
177,NH -C6H4 -C6H4 -C4H2S,C6H4 -C6H4 -C4H2S-NH ,*-NC1=CC=C(C=C1)C1=CC=C(C=C1)C1=CC=C(-*)S1,*-NC1=CC=C(S1)C1=CC=C(C=C1)C1=CC=C(-*)C=C1,N1C2=CC=C(S2)C2=CC=C(C=C2)C2=CC=C1C=C2,2.93
178,CH2 -C6H4 -C4H2S -CS,C6H4 -C4H2S -CS-CH2 ,*-CC1=CC=C(C=C1)C1=CC=C(S1)C(-*)=S,*-CC(=S)C1=CC=C(S1)C1=CC=C(-*)C=C1,S=C1CC2=CC=C(C=C2)C2=CC=C1S2,1.834
179,C6H4 - O -CS - O, O -CS - O-C6H4 ,*-OC(=S)OC1=CC=C(-*)C=C1,*-OC(=S)OC1=CC=C(-*)C=C1,S=C1OC2=CC=C(O1)C=C2,3.903
180,CH2 - O -NH -CO, O -NH -CO-CH2 ,*-CONC(-*)=O,*-CC(=O)NO-*,O=C1CON1,5.357
181,NH -C6H4 -C4H2S -C6H4,C6H4 -C4H2S -C6H4-NH ,*-NC1=CC=C(C=C1)C1=CC=C(S1)C1=CC=C(-*)C=C1,*-NC1=CC=C(C=C1)C1=CC=C(S1)C1=CC=C(-*)C=C1,N1C2=CC=C(C=C2)C2=CC=C(S2)C2=CC=C1C=C2,2.753
182,C6H4 - O -C4H2S - O, O -C4H2S - O-C6H4 ,*-OC1=CC=C(OC2=CC=C(-*)C=C2)S1,*-OC1=CC=C(OC2=CC=C(-*)C=C2)S1,O1C2=CC=C(OC3=CC=C1C=C3)S2,4.061
183,NH -C6H4 - O -C4H2S,C6H4 - O -C4H2S-NH ,*-NC1=CC=C(OC2=CC=C(-*)S2)C=C1,*-NC1=CC=C(OC2=CC=C(-*)C=C2)S1,C1NC2=CC=C(OC3=CC=C1C=C3)S2,3.606
184,CH2 -NH -CO -CS,NH -CO -CS-CH2 ,*-CNC(=O)C(-*)=S,*-CC(=S)C(=O)N-*,O=C1NCC1=S,1.827
185,CH2 -NH -C6H4 - O,NH -C6H4 - O-CH2 ,*-CNC1=CC=C(O-*)C=C1,*-COC1=CC=C(N-*)C=C1,C1NC2=CC=C(O1)C=C2,3.538
186,C6H4 -C6H4 -C6H4 -C6H4,C6H4 -C6H4 -C6H4-C6H4 ,*-C1=CC=C(C=C1)C1=CC=C(C=C1)C1=CC=C(C=C1)C1=CC=C(-*)C=C1,*-C1=CC=C(C=C1)C1=CC=C(C=C1)C1=CC=C(C=C1)C1=CC=C(-*)C=C1,C1=CC2=CC=C1C1=CC=C(C=C1)C1=CC=C(C=C1)C1=CC=C2C=C1,3.307
187,CH2 -CO -NH -C6H4,CO -NH -C6H4-CH2 ,*-CC(=O)NC1=CC=C(-*)C=C1,*-CC1=CC=C(NC(-*)=O)C=C1,O=C1CC2=CC=C(N1)C=C2,4.296
188,CH2 -CH2 -CH2 -CH2,CH2 -CH2 -CH2-CH2 ,*-CCCC-*,*-CCCC-*,C1CCC1,8.828
189,NH -CO -C6H4 -C6H4,CO -C6H4 -C6H4-NH ,*-NC(=O)C1=CC=C(C=C1)C1=CC=C(-*)C=C1,*-NC1=CC=C(C=C1)C1=CC=C(C=C1)C(-*)=O,O=C1NC2=CC=C(C=C2)C2=CC=C1C=C2,3.656
190,NH -CO -CS -C6H4,CO -CS -C6H4-NH ,*-NC(=O)C(=S)C1=CC=C(-*)C=C1,*-NC1=CC=C(C=C1)C(=S)C(-*)=O,O=C1NC2=CC=C(C=C2)C1=S,1.721
191,CO -C6H4 -CS -C4H2S,C6H4 -CS -C4H2S-CO ,*-C(=O)C1=CC=C(C=C1)C(=S)C1=CC=C(-*)S1,*-C(=O)C1=CC=C(S1)C(=S)C1=CC=C(-*)C=C1,O=C1C2=CC=C(S2)C(=S)C2=CC=C1C=C2,1.787
192,CH2 -CO -CH2 -CO,CO -CH2 -CO-CH2 ,*-CC(=O)CC(-*)=O,*-CC(=O)CC(-*)=O,O=C1CC(=O)C1,3.761
193,CO - O -C6H4 - O, O -C6H4 - O-CO ,*-OC1=CC=C(OC(-*)=O)C=C1,*-OC1=CC=C(OC(-*)=O)C=C1,O=C1OC2=CC=C(O1)C=C2,4.193
194,NH -CO -C4H2S -CO,CO -C4H2S -CO-NH ,*-NC(=O)C1=CC=C(S1)C(-*)=O,*-NC(=O)C1=CC=C(S1)C(-*)=O,O=C1NC(=O)C2=CC=C1S2,3.029
195,CH2 -C6H4 -C4H2S -C4H2S,C6H4 -C4H2S -C4H2S-CH2 ,*-CC1=CC=C(C=C1)C1=CC=C(S1)C1=CC=C(-*)S1,*-CC1=CC=C(S1)C1=CC=C(S1)C1=CC=C(-*)C=C1,C1C2=CC=C(S2)C2=CC=C(S2)C2=CC=C1C=C2,2.737
196,CO -C6H4 -CO -C4H2S,C6H4 -CO -C4H2S-CO ,*-C(=O)C1=CC=C(C=C1)C(=O)C1=CC=C(-*)S1,*-C(=O)C1=CC=C(S1)C(=O)C1=CC=C(-*)C=C1,O=C1C2=CC=C(S2)C(=O)C2=CC=C1C=C2,2.867
197,CH2 -C6H4 -CO -CS,C6H4 -CO -CS-CH2 ,*-CC1=CC=C(C=C1)C(=O)C(-*)=S,*-CC(=S)C(=O)C1=CC=C(-*)C=C1,O=C1C2=CC=C(CC1=S)C=C2,1.735
198,CH2 -CH2 -C6H4 -CS,CH2 -C6H4 -CS-CH2 ,*-CCC1=CC=C(C=C1)C(-*)=S,*-CC(=S)C1=CC=C(C-*)C=C1,S=C1CCC2=CC=C1C=C2,1.965
199,NH -C4H2S -C6H4 -CS,C4H2S -C6H4 -CS-NH ,*-NC1=CC=C(S1)C1=CC=C(C=C1)C(-*)=S,*-NC(=S)C1=CC=C(C=C1)C1=CC=C(-*)S1,S=C1NC2=CC=C(S2)C2=CC=C1C=C2,1.85
200,CH2 -NH - O -C6H4,NH - O -C6H4-CH2 ,*-CNOC1=CC=C(-*)C=C1,*-CC1=CC=C(ON-*)C=C1,C1NOC2=CC=C1C=C2,4.52
201,CH2 -C6H4 -C6H4 -C6H4,C6H4 -C6H4 -C6H4-CH2 ,*-CC1=CC=C(C=C1)C1=CC=C(C=C1)C1=CC=C(-*)C=C1,*-CC1=CC=C(C=C1)C1=CC=C(C=C1)C1=CC=C(-*)C=C1,C1C2=CC=C(C=C2)C2=CC=C(C=C2)C2=CC=C1C=C2,3.533
202,CH2 - O -NH - O, O -NH - O-CH2 ,*-CONO-*,*-CONO-*,C1ONO1,6.258
203,CH2 -CH2 -C4H2S -CS,CH2 -C4H2S -CS-CH2 ,*-CCC1=CC=C(S1)C(-*)=S,*-CC(=S)C1=CC=C(C-*)S1,S=C1CCC2=CC=C1S2,1.939
204,NH -CO -NH -C4H2S,CO -NH -C4H2S-NH ,*-NC(=O)NC1=CC=C(-*)S1,*-NC1=CC=C(NC(-*)=O)S1,O=C1NC2=CC=C(N1)S2,4.069
205,CH2 -C4H2S -CH2 -CS,C4H2S -CH2 -CS-CH2 ,*-CC1=CC=C(CC(-*)=S)S1,*-CC(=S)CC1=CC=C(-*)S1,S=C1CC2=CC=C(C1)S2,2.322
206,NH -CO -NH - O,CO -NH - O-NH ,*-NC(=O)NO-*,*-NONC(-*)=O,O=C1NON1,5.284
207,CO -C6H4 -CS - O,C6H4 -CS - O-CO ,*-OC(=S)C1=CC=C(C=C1)C(-*)=O,*-C(=O)OC(=S)C1=CC=C(-*)C=C1,O=C1OC(=S)C2=CC=C1C=C2,2.34
208,CH2 -CH2 - O -NH,CH2 - O -NH-CH2 ,*-CCON-*,*-CNOC-*,C1CON1,6.746
209,CH2 -CO -CH2 -C4H2S,CO -CH2 -C4H2S-CH2 ,*-CC(=O)CC1=CC=C(-*)S1,*-CC1=CC=C(CC(-*)=O)S1,O=C1CC2=CC=C(C1)S2,3.997
210,C6H4 - O -C6H4 - O, O -C6H4 - O-C6H4 ,*-OC1=CC=C(OC2=CC=C(-*)C=C2)C=C1,*-OC1=CC=C(OC2=CC=C(-*)C=C2)C=C1,O1C2=CC=C(OC3=CC=C1C=C3)C=C2,4.085
211,CH2 - O -CS - O, O -CS - O-CH2 ,*-COC(=S)O-*,*-COC(=S)O-*,S=C1OCO1,3.958
212,NH -CO -C6H4 - O,CO -C6H4 - O-NH ,*-NC(=O)C1=CC=C(O-*)C=C1,*-NOC1=CC=C(C=C1)C(-*)=O,O=C1NOC2=CC=C1C=C2,4.072
213,C4H2S - O -C4H2S - O, O -C4H2S - O-C4H2S ,*-OC1=CC=C(OC2=CC=C(-*)S2)S1,*-OC1=CC=C(OC2=CC=C(-*)S2)S1,O1C2=CC=C(OC3=CC=C1S3)S2,4.103
214,CH2 -NH -CO -C6H4,NH -CO -C6H4-CH2 ,*-CNC(=O)C1=CC=C(-*)C=C1,*-CC1=CC=C(C=C1)C(=O)N-*,O=C1NCC2=CC=C1C=C2,3.951
215,CH2 -C4H2S - O -C4H2S,C4H2S - O -C4H2S-CH2 ,*-CC1=CC=C(OC2=CC=C(-*)S2)S1,*-CC1=CC=C(OC2=CC=C(-*)S2)S1,C1C2=CC=C(OC3=CC=C1S3)S2,3.773
216,CH2 -CO - O -CO,CO - O -CO-CH2 ,*-CC(=O)OC(-*)=O,*-CC(=O)OC(-*)=O,O=C1CC(=O)O1,4.582
217,CH2 -CO -C4H2S -C6H4,CO -C4H2S -C6H4-CH2 ,*-CC(=O)C1=CC=C(S1)C1=CC=C(-*)C=C1,*-CC1=CC=C(C=C1)C1=CC=C(S1)C(-*)=O,O=C1CC2=CC=C(C=C2)C2=CC=C1S2,3.02
218,CH2 -CO -C6H4 -CO,CO -C6H4 -CO-CH2 ,*-CC(=O)C1=CC=C(C=C1)C(-*)=O,*-CC(=O)C1=CC=C(C=C1)C(-*)=O,O=C1CC(=O)C2=CC=C1C=C2,2.795
219,NH -C4H2S -C4H2S - O,C4H2S -C4H2S - O-NH ,*-NC1=CC=C(S1)C1=CC=C(O-*)S1,*-NOC1=CC=C(S1)C1=CC=C(-*)S1,N1OC2=CC=C(S2)C2=CC=C1S2,2.834
220,CH2 -CH2 -C4H2S -C4H2S,CH2 -C4H2S -C4H2S-CH2 ,*-CCC1=CC=C(S1)C1=CC=C(-*)S1,CCC1=CC=C(S1)C1=CC=C(CC)S1,C1CC2=CC=C(S2)C2=CC=C1S2,3.124
221,CH2 -NH -CH2 - O,NH -CH2 - O-CH2 ,*-CNCO-*,*-COCN-*,C1NCO1,5.758
222,NH -C6H4 -C6H4 -C6H4,C6H4 -C6H4 -C6H4-NH ,*-NC1=CC=C(C=C1)C1=CC=C(C=C1)C1=CC=C(-*)C=C1,*-NC1=CC=C(C=C1)C1=CC=C(C=C1)C1=CC=C(-*)C=C1,N1C2=CC=C(C=C2)C2=CC=C(C=C2)C2=CC=C1C=C2,3.145
223,C6H4 -CS - O -CS,CS - O -CS-C6H4 ,*-C(=S)OC(=S)C1=CC=C(-*)C=C1,*-C(=S)OC(=S)C1=CC=C(-*)C=C1,S=C1OC(=S)C2=CC=C1C=C2,1.914
224,CO -C4H2S -CS - O,C4H2S -CS - O-CO ,*-OC(=S)C1=CC=C(S1)C(-*)=O,*-C(=O)OC(=S)C1=CC=C(-*)S1,O=C1OC(=S)C2=CC=C1S2,2.246
225,NH -C6H4 -C4H2S -C4H2S,C6H4 -C4H2S -C4H2S-NH ,*-NC1=CC=C(C=C1)C1=CC=C(S1)C1=CC=C(-*)S1,*-NC1=CC=C(S1)C1=CC=C(S1)C1=CC=C(-*)C=C1,N1C2=CC=C(S2)C2=CC=C(S2)C2=CC=C1C=C2,2.587
226,CH2 -CH2 -CH2 -NH,CH2 -CH2 -NH-CH2 ,*-CCCN-*,*-CCNC-*,C1CNC1,6.207
227,CH2 -CO -NH -CO,CO -NH -CO-CH2 ,*-CC(=O)NC(-*)=O,*-CC(=O)NC(-*)=O,O=C1CC(=O)N1,4.232
228,NH -CS -C6H4 - O,CS -C6H4 - O-NH ,*-NC(=S)C1=CC=C(O-*)C=C1,*-NOC1=CC=C(C=C1)C(-*)=S,S=C1NOC2=CC=C1C=C2,2.7
229,CO -C4H2S -CO -C4H2S,C4H2S -CO -C4H2S-CO ,*-C(=O)C1=CC=C(S1)C(=O)C1=CC=C(-*)S1,*-C(=O)C1=CC=C(S1)C(=O)C1=CC=C(-*)S1,O=C1C2=CC=C(S2)C(=O)C2=CC=C1S2,2.765
230,NH -C6H4 - O -CS,C6H4 - O -CS-NH ,*-NC1=CC=C(OC(-*)=S)C=C1,*-NC(=S)OC1=CC=C(-*)C=C1,S=C1NC2=CC=C(O1)C=C2,2.945
231,CH2 -C4H2S -CO -CS,C4H2S -CO -CS-CH2 ,*-CC1=CC=C(S1)C(=O)C(-*)=S,*-CC(=S)C(=O)C1=CC=C(-*)S1,O=C1C2=CC=C(CC1=S)S2,1.532
232,CH2 -CO - O -C6H4,CO - O -C6H4-CH2 ,*-CC(=O)OC1=CC=C(-*)C=C1,*-CC1=CC=C(OC(-*)=O)C=C1,O=C1CC2=CC=C(O1)C=C2,4.756
233,C4H2S -C4H2S -C4H2S -C4H2S,C4H2S -C4H2S -C4H2S-C4H2S ,*-C1=CC=C(S1)C1=CC=C(S1)C1=CC=C(S1)C1=CC=C(-*)S1,*-C1=CC=C(S1)C1=CC=C(S1)C1=CC=C(S1)C1=CC=C(-*)S1,S1C2=CC=C1C1=CC=C(S1)C1=CC=C(S1)C1=CC=C2S1,2.019
234,CO -C6H4 - O -C6H4,C6H4 - O -C6H4-CO ,*-C(=O)C1=CC=C(OC2=CC=C(-*)C=C2)C=C1,*-C(=O)C1=CC=C(OC2=CC=C(-*)C=C2)C=C1,O=C1C2=CC=C(OC3=CC=C1C=C3)C=C2,3.441
235,CH2 -CH2 -CH2 -C4H2S,CH2 -CH2 -C4H2S-CH2 ,*-CCCC1=CC=C(-*)S1,*-CCC1=CC=C(C-*)S1,C1CC2=CC=C(C1)S2,4.506
236,NH -CO - O -C6H4,CO - O -C6H4-NH ,*-NC(=O)OC1=CC=C(-*)C=C1,*-NC1=CC=C(OC(-*)=O)C=C1,O=C1NC2=CC=C(O1)C=C2,4.926
237,CO -C4H2S - O -CS,C4H2S - O -CS-CO ,*-C(=S)OC1=CC=C(S1)C(-*)=O,*-C(=O)C(=S)OC1=CC=C(-*)S1,O=C1C2=CC=C(OC1=S)S2,2.823
238,C6H4 -C4H2S -C4H2S - O,C4H2S -C4H2S - O-C6H4 ,*-OC1=CC=C(S1)C1=CC=C(S1)C1=CC=C(-*)C=C1,*-C1=CC=C(S1)C1=CC=C(OC2=CC=C(-*)C=C2)S1,O1C2=CC=C(S2)C2=CC=C(S2)C2=CC=C1C=C2,2.605
239,CH2 -CO -C4H2S -C4H2S,CO -C4H2S -C4H2S-CH2 ,*-CC(=O)C1=CC=C(S1)C1=CC=C(-*)S1,*-CC1=CC=C(S1)C1=CC=C(S1)C(-*)=O,O=C1CC2=CC=C(S2)C2=CC=C1S2,2.596
240,CH2 -CO -CH2 -CS,CO -CH2 -CS-CH2 ,*-CC(=O)CC(-*)=S,*-CC(=S)CC(-*)=O,O=C1CC(=S)C1,2.174
241,NH -C6H4 -C4H2S -CS,C6H4 -C4H2S -CS-NH ,*-NC1=CC=C(C=C1)C1=CC=C(S1)C(-*)=S,*-NC(=S)C1=CC=C(S1)C1=CC=C(-*)C=C1,S=C1NC2=CC=C(C=C2)C2=CC=C1S2,1.856
242,CH2 -C4H2S -C4H2S -C4H2S,C4H2S -C4H2S -C4H2S-CH2 ,*-CC1=CC=C(S1)C1=CC=C(S1)C1=CC=C(-*)S1,*-CC1=CC=C(S1)C1=CC=C(S1)C1=CC=C(-*)S1,C1C2=CC=C(S2)C2=CC=C(S2)C2=CC=C1S2,2.328
243,NH -C6H4 -CS - O,C6H4 -CS - O-NH ,*-NC1=CC=C(C=C1)C(=S)O-*,*-NOC(=S)C1=CC=C(-*)C=C1,S=C1ONC2=CC=C1C=C2,2.83
244,NH -C6H4 -CO -C4H2S,C6H4 -CO -C4H2S-NH ,*-NC1=CC=C(C=C1)C(=O)C1=CC=C(-*)S1,*-NC1=CC=C(S1)C(=O)C1=CC=C(-*)C=C1,O=C1C2=CC=C(NC3=CC=C1C=C3)S2,2.887
245,CO -C4H2S -CO -CS,C4H2S -CO -CS-CO ,*-C(=S)C(=O)C1=CC=C(S1)C(-*)=O,*-C(=O)C(=S)C(=O)C1=CC=C(-*)S1,O=C1C2=CC=C(S2)C(=O)C1=S,1.447
246,NH -CS -CO - O,CS -CO - O-NH ,*-NC(=S)C(=O)O-*,*-NOC(=O)C(-*)=S,O=C1ONC1=S,2.267
247,CH2 -CS -NH -CS,CS -NH -CS-CH2 ,*-CC(=S)NC(-*)=S,*-CC(=S)NC(-*)=S,S=C1CC(=S)N1,2.051
248,C6H4 -C6H4 -C4H2S - O,C6H4 -C4H2S - O-C6H4 ,*-OC1=CC=C(S1)C1=CC=C(C=C1)C1=CC=C(-*)C=C1,*-C1=CC=C(OC2=CC=C(S2)C2=CC=C(-*)C=C2)C=C1,O1C2=CC=C(S2)C2=CC=C(C=C2)C2=CC=C1C=C2,2.951
249,CH2 -CO -C4H2S -CO,CO -C4H2S -CO-CH2 ,*-CC(=O)C1=CC=C(S1)C(-*)=O,*-CC(=O)C1=CC=C(S1)C(-*)=O,O=C1CC(=O)C2=CC=C1S2,2.75
250,CH2 -NH -CO -C4H2S,NH -CO -C4H2S-CH2 ,*-CNC(=O)C1=CC=C(-*)S1,*-CC1=CC=C(S1)C(=O)N-*,O=C1NCC2=CC=C1S2,3.946
251,CH2 -C6H4 -C6H4 -CS,C6H4 -C6H4 -CS-CH2 ,*-CC1=CC=C(C=C1)C1=CC=C(C=C1)C(-*)=S,*-CC(=S)C1=CC=C(C=C1)C1=CC=C(-*)C=C1,S=C1CC2=CC=C(C=C2)C2=CC=C1C=C2,1.898
252,CH2 -C6H4 -NH -C4H2S,C6H4 -NH -C4H2S-CH2 ,*-CC1=CC=C(NC2=CC=C(-*)S2)C=C1,*-C1=CC=C(NC2=CC=C(-*)C=C2)S1,N1C2=CC=C(S2)C2=CC=C1C=C2,3.464
253,C6H4 -C4H2S -C6H4 -CS,C4H2S -C6H4 -CS-C6H4 ,*-C(=S)C1=CC=C(C=C1)C1=CC=C(S1)C1=CC=C(-*)C=C1,*-C1=CC=C(S1)C1=CC=C(C=C1)C(=S)C1=CC=C(-*)C=C1,S=C1C2=CC=C(C=C2)C2=CC=C(S2)C2=CC=C1C=C2,1.806
254,CH2 -C6H4 -CS -C4H2S,C6H4 -CS -C4H2S-CH2 ,*-CC1=CC=C(C=C1)C(=S)C1=CC=C(-*)S1,CCC1=CC=C(S1)C(=S)C1=CC=C(C)C=C1,S=C1C2=CC=C(CC3=CC=C1C=C3)S2,1.845
255,C6H4 -C4H2S -CS -C4H2S,C4H2S -CS -C4H2S-C6H4 ,*-C1=CC=C(S1)C(=S)C1=CC=C(S1)C1=CC=C(-*)C=C1,*-C1=CC=C(S1)C(=S)C1=CC=C(S1)C1=CC=C(-*)C=C1,S=C1C2=CC=C(S2)C2=CC=C(C=C2)C2=CC=C1S2,1.74
256,C4H2S - O -CS - O, O -CS - O-C4H2S ,*-OC(=S)OC1=CC=C(-*)S1,*-OC(=S)OC1=CC=C(-*)S1,S=C1OC2=CC=C(O1)S2,3.82
257,CH2 -CS -NH - O,CS -NH - O-CH2 ,*-CC(=S)NO-*,*-CONC(-*)=S,S=C1CON1,3.256
258,CH2 -C6H4 -CH2 -C4H2S,C6H4 -CH2 -C4H2S-CH2 ,*-CC1=CC=C(CC2=CC=C(-*)S2)C=C1,*-CC1=CC=C(CC2=CC=C(-*)C=C2)S1,C1C2=CC=C(CC3=CC=C1C=C3)S2,4.409
259,CO - O -CS - O, O -CS - O-CO ,*.COC(=S)OC(-*)=O,*-OC(=S)OC(-*)=O,O=C1OC(=S)O1,3.374
260,NH -C6H4 - O -C6H4,C6H4 - O -C6H4-NH ,*-NC1=CC=C(OC2=CC=C(-*)C=C2)C=C1,*-NC1=CC=C(OC2=CC=C(-*)C=C2)C=C1,N1C2=CC=C(OC3=CC=C1C=C3)C=C2,3.875
261,CH2 -C6H4 -CO -C6H4,C6H4 -CO -C6H4-CH2 ,*-CC1=CC=C(C=C1)C(=O)C1=CC=C(-*)C=C1,*-CC1=CC=C(C=C1)C(=O)C1=CC=C(-*)C=C1,O=C1C2=CC=C(CC3=CC=C1C=C3)C=C2,3.186
262,NH -CO - O -CO,CO - O -CO-NH ,*-NC(=O)OC(-*)=O,*-NC(=O)OC(-*)=O,O=C1NC(=O)O1,5.163
263,CO -C4H2S -CS -C4H2S,C4H2S -CS -C4H2S-CO ,*-C(=O)C1=CC=C(S1)C(=S)C1=CC=C(-*)S1,*-C(=O)C1=CC=C(S1)C(=S)C1=CC=C(-*)S1,O=C1C2=CC=C(S2)C(=S)C2=CC=C1S2,1.633
264,CH2 -CS - O -CS,CS - O -CS-CH2 ,*-CC(=S)OC(-*)=S,*-CC(=S)OC(-*)=S,S=C1CC(=S)O1,2.214
265,C4H2S -CS -C4H2S - O,CS -C4H2S - O-C4H2S ,*-OC1=CC=C(S1)C(=S)C1=CC=C(-*)S1,*-C(=S)C1=CC=C(OC2=CC=C(-*)S2)S1,S=C1C2=CC=C(OC3=CC=C1S3)S2,1.86
266,CO -C4H2S - O -C4H2S,C4H2S - O -C4H2S-CO ,*-C(=O)C1=CC=C(OC2=CC=C(-*)S2)S1,*-C(=O)C1=CC=C(OC2=CC=C(-*)S2)S1,O=C1C2=CC=C(OC3=CC=C1S3)S2,3.325
267,C6H4 -CS -C6H4 - O,CS -C6H4 - O-C6H4 ,*-OC1=CC=C(C=C1)C(=S)C1=CC=C(-*)C=C1,*-C(=S)C1=CC=C(OC2=CC=C(-*)C=C2)C=C1,S=C1C2=CC=C(OC3=CC=C1C=C3)C=C2,1.915
268,NH - O -C6H4 - O, O -C6H4 - O-NH ,*-NOC1=CC=C(O-*)C=C1,*-NOC1=CC=C(O-*)C=C1,N1OC2=CC=C(O1)C=C2,3.916
269,CH2 -CO -CH2 -C6H4,CO -CH2 -C6H4-CH2 ,*.*-CC(=O)CC1=CC=C(-*)C=C1,*-CC1=CC=C(CC(-*)=O)C=C1,O=C1CC2=CC=C(C1)C=C2,4.257
270,CH2 -NH - O -CS,NH - O -CS-CH2 ,*-CNOC(-*)=S,*-CC(=S)ON-*,S=C1CNO1,3.231
271,CH2-NH-C4H2S-O,NH-C4H2S-O-CH2,*-CNC1=CC=C(O-*)S1,*-COC1=CC=C(N-*)S1,C1NC2=CC=C(O1)S2,3.881
272,CH2-CS-C4H2S-CS,CS-C4H2S-CS-CH2,*-CC(=S)C1=CC=C(S1)C(-*)=S,*-CC(=S)C1=CC=C(S1)C(-*)=S,S=C1CC(=S)C2=CC=C1S2,1.319
273,CO-C6H4-CO-CS,C6H4-CO-CS-CO,*-C(=O)C1=CC=C(C=C1)C(=O)C(-*)=S,*-C(=O)C(=S)C(=O)C1=CC=C(-*)C=C1,O=C1C2=CC=C(C=C2)C(=O)C1=S,1.648
274,CH2-CH2-CH2-CO,CH2-CH2-CO-CH2,*-CCCC(-*)=O,*-CCC(=O)C-*,O=C1CCC1,4.112
275,CH2-CO-C6H4-C6H4,CO-C6H4-C6H4-CH2,*-CC(=O)C1=CC=C(C=C1)C1=CC=C(-*)C=C1,*-CC1=CC=C(C=C1)C1=CC=C(C=C1)C(-*)=O,O=C1CC2=CC=C(C=C2)C2=CC=C1C=C2,3.215
276,CH2-CH2-CS-O,CH2-CS-O-CH2,*-CCC(=S)O-*,*-COC(=S)C-*,S=C1CCO1,3.309
277,NH-C4H2S-CS-C6H4,C4H2S-CS-C6H4-NH,*-NC1=CC=C(S1)C(=S)C1=CC=C(-*)C=C1,*-NC1=CC=C(C=C1)C(=S)C1=CC=C(-*)S1,S=C1C2=CC=C(NC3=CC=C1C=C3)S2,1.964
278,CH2-NH-O-C4H2S,NH-O-C4H2S-CH2,*-CNOC1=CC=C(-*)S1,*-CC1=CC=C(ON-*)S1,C1NOC2=CC=C1S2,4.294
279,C6H4-C6H4-C6H4-O,C6H4-C6H4-O-C6H4,*-OC1=CC=C(C=C1)C1=CC=C(C=C1)C1=CC=C(-*)C=C1,*-C1=CC=C(OC2=CC=C(C=C2)C2=CC=C(-*)C=C2)C=C1,O1C2=CC=C(C=C2)C2=CC=C(C=C2)C2=CC=C1C=C2,3.396
280,NH-C6H4-CO-CS,C6H4-CO-CS-NH,*-NC1=CC=C(C=C1)C(=O)C(-*)=S,*-NC(=S)C(=O)C1=CC=C(-*)C=C1,O=C1C2=CC=C(NC1=S)C=C2,1.76
281,CH2-CH2-C6H4-C6H4,CH2-C6H4-C6H4-CH2,*-CCC1=CC=C(C=C1)C1=CC=C(-*)C=C1,*-CC1=CC=C(C=C1)C1=CC=C(C-*)C=C1,C1CC2=CC=C(C=C2)C2=CC=C1C=C2,4.02
282,CH2-CS-CH2-CS,CS-CH2-CS-CH2,*-CC(=S)CC(-*)=S,*-CC(=S)CC(-*)=S,S=C1CC(=S)C1,1.89
283,NH-C6H4-C6H4-CS,C6H4-C6H4-CS-NH,*-NC1=CC=C(C=C1)C1=CC=C(C=C1)C(-*)=S,*-NC(=S)C1=CC=C(C=C1)C1=CC=C(-*)C=C1,S=C1NC2=CC=C(C=C2)C2=CC=C1C=C2,1.917
284,CH2-NH-O-NH,NH-O-NH-CH2,*-CNON-*,*-CNON-*,C1NON1,5.865
